tradingsymbol,datetime,open,high,low,close,volume,open_interest
SBIN,2020-01-01,334.7,335.95,332.15,334.45,17379320,0
SBIN,2020-01-02,334.5,339.85,333.35,339.3,20324236,0
SBIN,2020-01-03,337.95,337.95,332.0,333.7,21853208,0
SBIN,2020-01-06,331.7,331.7,317.7,319.0,35645325,0
SBIN,2020-01-07,324.45,327.0,315.4,318.4,50966826,0
SBIN,2020-01-08,312.1,321.5,311.0,319.8,44527485,0
SBIN,2020-01-09,326.9,331.4,325.0,330.2,40348407,0
SBIN,2020-01-10,331.0,337.95,328.1,332.25,42377838,0
SBIN,2020-01-13,334.0,335.45,329.05,330.75,23615129,0
SBIN,2020-01-14,329.8,331.7,326.5,328.0,26296117,0
SBIN,2020-01-15,329.0,329.2,322.35,324.25,32625740,0
SBIN,2020-01-16,324.0,326.9,322.35,323.3,26653623,0
SBIN,2020-01-17,313.0,323.5,310.1,318.0,58396326,0
SBIN,2020-01-20,321.0,321.45,313.4,314.0,30682902,0
SBIN,2020-01-21,313.8,316.95,312.0,313.7,30591772,0
SBIN,2020-01-22,317.0,317.0,313.7,316.15,24994911,0
SBIN,2020-01-23,316.0,324.8,314.15,323.2,33293610,0
SBIN,2020-01-24,323.5,327.3,321.15,324.05,22706879,0
SBIN,2020-01-27,320.9,322.0,315.8,316.2,23309355,0
SBIN,2020-01-28,317.95,320.0,311.05,315.1,26488426,0
SBIN,2020-01-29,317.85,319.7,315.55,316.45,23914114,0
SBIN,2020-01-30,316.75,316.75,305.65,310.7,35802330,0
SBIN,2020-01-31,313.7,321.7,308.6,318.45,92656638,0
SBIN,2020-02-01,317.95,322.65,296.3,302.6,61841736,0
SBIN,2020-02-03,303.0,306.85,295.35,298.1,56060158,0
SBIN,2020-02-04,302.9,307.55,297.1,306.25,51141567,0
SBIN,2020-02-05,306.9,313.65,304.6,311.0,35014841,0
SBIN,2020-02-06,311.2,323.5,310.1,321.95,57757656,0
SBIN,2020-02-07,321.5,325.0,318.4,320.55,37126803,0
SBIN,2020-02-10,319.8,322.8,316.5,318.5,24816396,0
SBIN,2020-02-11,321.05,325.8,321.05,324.35,30188757,0
SBIN,2020-02-12,329.9,329.9,319.25,320.2,38930849,0
SBIN,2020-02-13,322.0,330.95,322.0,327.45,62516057,0
SBIN,2020-02-14,328.1,331.9,318.55,319.4,48205947,0
SBIN,2020-02-17,320.95,321.15,311.65,314.2,36950692,0
SBIN,2020-02-18,315.4,319.2,309.4,317.55,38588583,0
SBIN,2020-02-19,322.3,324.0,317.25,320.35,39846727,0
SBIN,2020-02-20,319.35,329.2,318.75,327.65,40150409,0
SBIN,2020-02-24,325.75,331.3,321.85,322.95,45273936,0
SBIN,2020-02-25,325.9,328.15,322.2,326.8,39050709,0
SBIN,2020-02-26,324.85,330.8,324.2,328.2,43915281,0
SBIN,2020-02-27,328.0,330.0,318.0,321.95,47010040,0
SBIN,2020-02-28,312.0,314.65,301.1,303.0,59705346,0
SBIN,2020-03-02,311.0,312.0,284.05,287.4,66711413,0
SBIN,2020-03-03,293.0,294.4,285.3,289.85,61949382,0
SBIN,2020-03-04,291.8,293.0,275.1,285.3,73675736,0
SBIN,2020-03-05,290.9,298.4,270.0,288.5,149245973,0
SBIN,2020-03-06,268.0,274.4,253.95,270.5,106043172,0
SBIN,2020-03-09,260.05,262.75,251.15,253.45,101294751,0
SBIN,2020-03-11,253.0,258.5,243.1,245.1,90847179,0
SBIN,2020-03-12,231.9,231.9,208.6,212.6,99770256,0
SBIN,2020-03-13,200.0,248.8,184.65,242.0,155703140,0
SBIN,2020-03-16,227.9,231.4,220.6,223.35,75584607,0
SBIN,2020-03-17,227.2,229.9,212.05,215.15,65414721,0
SBIN,2020-03-18,221.0,223.15,200.1,215.2,101405421,0
SBIN,2020-03-19,202.95,219.75,198.15,203.65,93535977,0
SBIN,2020-03-20,205.55,215.7,200.0,209.85,77393021,0
SBIN,2020-03-23,190.0,199.5,180.25,181.6,61751758,0
SBIN,2020-03-24,190.95,191.95,173.55,183.2,67492010,0
SBIN,2020-03-25,178.0,195.25,176.45,189.9,71568237,0
SBIN,2020-03-26,191.55,201.0,185.1,192.75,107260674,0
SBIN,2020-03-27,202.0,211.9,195.0,195.95,114746995,0
SBIN,2020-03-30,190.0,195.0,186.25,186.9,60083237,0
SBIN,2020-03-31,192.0,198.5,188.05,196.85,59543906,0
SBIN,2020-04-01,194.0,194.5,185.25,186.55,52954482,0
SBIN,2020-04-03,187.55,188.2,175.0,175.5,64455937,0
SBIN,2020-04-07,184.4,187.3,177.6,186.4,72133717,0
SBIN,2020-04-08,182.9,194.4,180.45,183.0,80436673,0
SBIN,2020-04-09,188.0,190.0,183.6,187.75,62417301,0
SBIN,2020-04-13,186.8,188.7,183.1,183.5,51847574,0
SBIN,2020-04-15,187.0,191.95,180.15,182.35,72190294,0
SBIN,2020-04-16,182.0,189.9,180.25,188.5,61165997,0
SBIN,2020-04-17,196.0,198.0,186.3,193.25,89858053,0
SBIN,2020-04-20,194.0,197.35,190.05,192.5,81961666,0
SBIN,2020-04-21,188.0,188.2,183.0,184.75,53043573,0
SBIN,2020-04-22,185.5,189.5,181.35,188.7,61503792,0
SBIN,2020-04-23,187.75,189.9,185.15,186.7,50957437,0
SBIN,2020-04-24,184.0,184.0,179.0,179.75,65146846,0
SBIN,2020-04-27,183.5,183.5,180.5,180.9,43003001,0
SBIN,2020-04-28,182.0,185.35,181.2,184.3,49590249,0
SBIN,2020-04-29,185.0,191.8,183.5,190.1,57470639,0
SBIN,2020-04-30,193.5,195.9,189.7,190.5,63069460,0
SBIN,2020-05-04,182.45,183.5,178.0,178.85,58122608,0
SBIN,2020-05-05,181.0,181.25,168.8,170.4,91050629,0
SBIN,2020-05-06,171.15,173.3,166.55,171.1,73156881,0
SBIN,2020-05-07,170.85,172.55,168.8,170.75,42944139,0
SBIN,2020-05-08,172.45,173.8,166.1,166.65,55935527,0
SBIN,2020-05-11,167.95,168.9,165.0,165.45,54594499,0
SBIN,2020-05-12,164.2,168.5,160.85,166.9,70752913,0
SBIN,2020-05-13,178.55,178.55,170.5,174.1,81721884,0
SBIN,2020-05-14,170.95,171.75,167.5,167.95,48137099,0
SBIN,2020-05-15,167.95,168.25,164.7,166.4,35498484,0
SBIN,2020-05-18,166.4,166.4,155.0,155.3,77350889,0
SBIN,2020-05-19,157.5,157.85,152.4,152.8,71522983,0
SBIN,2020-05-20,153.0,155.25,151.15,153.4,66178068,0
SBIN,2020-05-21,153.65,156.15,151.5,151.95,61150189,0
SBIN,2020-05-22,152.0,155.6,149.45,150.85,87069955,0
SBIN,2020-05-26,152.4,153.2,150.2,151.4,48281208,0
SBIN,2020-05-27,151.95,160.8,150.8,158.6,88206678,0
SBIN,2020-05-28,159.45,162.4,156.7,158.2,76970390,0
SBIN,2020-05-29,156.1,161.9,155.2,161.3,58368035,0
SBIN,2020-06-01,164.0,171.4,163.35,170.05,92742124,0
SBIN,2020-06-02,169.9,171.3,167.2,170.25,70422258,0
SBIN,2020-06-03,172.5,179.9,172.0,174.9,113173574,0
SBIN,2020-06-04,174.9,177.65,171.5,174.05,83495015,0
SBIN,2020-06-05,176.55,189.8,176.0,187.8,201325176,0
SBIN,2020-06-08,197.0,197.5,185.8,186.8,151750421,0
SBIN,2020-06-09,187.7,191.0,183.35,184.45,96656234,0
SBIN,2020-06-10,184.55,189.0,183.8,187.7,67335901,0
SBIN,2020-06-11,188.0,190.4,176.35,177.15,91729798,0
SBIN,2020-06-12,170.0,180.0,169.8,179.15,92761694,0
SBIN,2020-06-15,177.85,177.85,172.0,173.7,63617286,0
SBIN,2020-06-16,178.0,178.95,169.4,172.9,63929925,0
SBIN,2020-06-17,171.0,176.2,169.25,172.95,73867145,0
SBIN,2020-06-18,172.4,180.65,171.1,179.65,58262367,0
SBIN,2020-06-19,180.3,184.95,179.5,184.5,76897890,0
SBIN,2020-06-22,185.0,191.75,184.25,187.7,80024673,0
SBIN,2020-06-23,189.6,193.1,187.85,192.45,65487726,0
SBIN,2020-06-24,194.8,194.9,183.9,184.6,74670206,0
SBIN,2020-06-25,182.2,186.8,180.4,185.25,73626947,0
SBIN,2020-06-26,188.0,188.6,183.8,184.6,49178705,0
SBIN,2020-06-29,183.0,183.1,178.5,179.25,50967079,0
SBIN,2020-06-30,181.1,182.9,177.25,178.45,43616291,0
SBIN,2020-07-01,179.45,185.4,178.6,184.8,54015536,0
SBIN,2020-07-02,185.65,188.0,184.0,185.45,52127613,0
SBIN,2020-07-03,186.65,186.85,183.4,184.7,38050996,0
SBIN,2020-07-06,186.6,189.85,186.15,188.05,43789749,0
SBIN,2020-07-07,187.0,189.2,184.05,188.6,55124984,0
SBIN,2020-07-08,188.9,197.45,188.4,191.9,143083196,0
SBIN,2020-07-09,192.8,201.0,192.55,199.1,89540860,0
SBIN,2020-07-10,198.0,202.5,194.8,195.6,111410003,0
SBIN,2020-07-13,198.8,199.8,191.6,192.7,61952344,0
SBIN,2020-07-14,192.3,192.3,184.6,186.05,62243325,0
SBIN,2020-07-15,187.95,189.95,183.0,183.8,58528072,0
SBIN,2020-07-16,185.0,186.95,181.65,186.25,46549518,0
SBIN,2020-07-17,186.8,189.5,185.0,188.2,47035751,0
SBIN,2020-07-20,190.0,193.25,188.75,190.75,45680606,0
SBIN,2020-07-21,192.45,196.2,191.5,194.4,59286092,0
SBIN,2020-07-22,195.7,196.75,190.1,192.0,62276770,0
SBIN,2020-07-23,192.4,199.1,191.15,198.25,70802269,0
SBIN,2020-07-24,195.7,196.3,190.65,191.95,65266228,0
SBIN,2020-07-27,193.0,193.2,186.5,187.15,50714366,0
SBIN,2020-07-28,188.0,190.5,185.75,189.45,51490418,0
SBIN,2020-07-29,187.6,195.25,187.0,191.2,73766851,0
SBIN,2020-07-30,192.5,193.5,186.05,186.55,48478733,0
SBIN,2020-07-31,188.0,194.85,186.7,191.45,145903102,0
SBIN,2020-08-03,192.0,194.6,190.05,192.25,72457670,0
SBIN,2020-08-04,193.35,193.8,190.5,191.6,43867110,0
SBIN,2020-08-05,192.75,196.85,191.0,191.45,68888954,0
SBIN,2020-08-06,192.3,194.5,190.25,190.95,59740299,0
SBIN,2020-08-07,191.45,192.1,189.55,190.65,44822757,0
SBIN,2020-08-10,191.85,195.5,191.7,193.8,48785067,0
SBIN,2020-08-11,195.0,196.8,193.75,195.05,43892064,0
SBIN,2020-08-12,196.0,204.25,194.6,203.3,157820882,0
SBIN,2020-08-13,205.5,207.3,200.75,201.9,70443500,0
SBIN,2020-08-14,203.0,204.0,194.6,196.5,56176117,0
SBIN,2020-08-17,198.45,198.65,191.5,193.1,54788249,0
SBIN,2020-08-18,193.8,195.75,191.7,195.1,46295650,0
SBIN,2020-08-19,196.4,200.3,195.9,197.05,59302164,0
SBIN,2020-08-20,194.0,196.35,193.25,194.75,37505379,0
SBIN,2020-08-21,199.0,201.5,197.65,198.4,68047789,0
SBIN,2020-08-24,200.0,202.8,198.6,201.45,53866579,0
SBIN,2020-08-25,204.0,208.45,202.7,207.95,105397006,0
SBIN,2020-08-26,208.5,210.35,206.15,209.85,66750983,0
SBIN,2020-08-27,210.5,216.5,210.5,215.65,80999489,0
SBIN,2020-08-28,217.0,225.9,216.8,224.85,95983850,0
SBIN,2020-08-31,231.55,231.55,210.35,212.0,119990567,0
SBIN,2020-09-01,213.1,218.9,211.2,218.1,75048317,0
SBIN,2020-09-02,218.25,219.0,212.3,216.25,47608719,0
SBIN,2020-09-03,217.5,218.25,212.3,213.15,38595597,0
SBIN,2020-09-04,210.0,212.3,205.9,206.6,54435819,0
SBIN,2020-09-07,207.5,209.65,205.4,207.9,35687677,0
SBIN,2020-09-08,207.9,208.5,202.9,204.05,34147081,0
SBIN,2020-09-09,201.1,201.4,192.5,194.85,72716962,0
SBIN,2020-09-10,197.7,201.45,195.2,198.15,67790247,0
SBIN,2020-09-11,198.55,203.85,197.0,202.7,48488142,0
SBIN,2020-09-14,205.9,206.2,197.35,198.5,63606706,0
SBIN,2020-09-15,199.9,201.0,197.1,200.15,51762796,0
SBIN,2020-09-16,199.85,200.05,196.25,198.2,52407160,0
SBIN,2020-09-17,197.0,198.0,195.0,195.45,41226058,0
SBIN,2020-09-18,196.0,197.2,189.7,192.6,55286449,0
SBIN,2020-09-21,193.05,193.5,184.25,185.8,57614739,0
SBIN,2020-09-22,186.15,188.3,181.15,186.2,51216440,0
SBIN,2020-09-23,188.15,188.95,181.0,183.8,44321881,0
SBIN,2020-09-24,181.1,181.8,175.5,176.35,46115352,0
SBIN,2020-09-25,179.0,182.75,176.15,182.2,46550618,0
SBIN,2020-09-28,184.0,188.15,183.35,187.25,41921659,0
SBIN,2020-09-29,188.5,188.95,183.25,185.05,35688939,0
SBIN,2020-09-30,185.05,186.8,182.4,185.4,37642302,0
SBIN,2020-10-01,187.0,191.2,186.9,190.3,43589041,0
SBIN,2020-10-05,192.0,193.8,187.05,188.75,41694812,0
SBIN,2020-10-06,191.1,192.1,188.3,191.6,31098807,0
SBIN,2020-10-07,192.55,193.15,189.1,190.7,34578821,0
SBIN,2020-10-08,191.35,195.8,190.55,191.5,43351954,0
SBIN,2020-10-09,192.0,198.8,190.55,198.3,64908374,0
SBIN,2020-10-12,199.7,205.95,197.25,198.7,69125880,0
SBIN,2020-10-13,198.65,200.0,195.1,195.7,34949604,0
SBIN,2020-10-14,194.05,200.9,193.05,200.05,40550062,0
SBIN,2020-10-15,201.0,202.5,192.0,192.85,49184944,0
SBIN,2020-10-16,194.0,196.75,191.6,195.95,36894938,0
SBIN,2020-10-19,196.2,204.6,196.05,204.0,60223657,0
SBIN,2020-10-20,201.0,204.35,200.7,203.05,39317197,0
SBIN,2020-10-21,204.7,207.3,198.85,203.75,54516482,0
SBIN,2020-10-22,201.9,204.6,201.1,203.3,33721761,0
SBIN,2020-10-23,204.0,205.6,201.55,202.8,32708098,0
SBIN,2020-10-26,202.7,204.0,195.6,196.7,45471498,0
SBIN,2020-10-27,197.25,197.55,192.25,194.65,37802664,0
SBIN,2020-10-28,195.0,195.0,189.05,190.45,46462213,0
SBIN,2020-10-29,189.35,190.7,185.9,188.7,44823105,0
SBIN,2020-10-30,189.35,192.0,186.15,189.25,41520135,0
SBIN,2020-11-02,192.2,197.25,190.05,196.05,52600119,0
SBIN,2020-11-03,198.0,205.8,197.6,204.75,69890201,0
SBIN,2020-11-04,203.5,209.0,198.05,207.0,117577856,0
SBIN,2020-11-05,216.0,221.0,214.75,218.65,138023646,0
SBIN,2020-11-06,219.0,221.85,217.05,219.2,73147085,0
SBIN,2020-11-09,222.5,222.65,217.05,219.5,60359458,0
SBIN,2020-11-10,223.1,235.0,223.0,231.7,135294550,0
SBIN,2020-11-11,232.75,239.35,227.75,234.2,107094861,0
SBIN,2020-11-12,233.2,233.35,225.65,226.8,58859905,0
SBIN,2020-11-13,225.0,230.65,220.1,229.45,70676525,0
SBIN,2020-11-14,232.0,232.9,227.75,229.65,7753219,0
SBIN,2020-11-17,231.85,241.6,231.0,240.2,80501583,0
SBIN,2020-11-18,239.4,253.0,237.9,252.0,104514060,0
SBIN,2020-11-19,248.0,251.8,239.0,239.75,82284278,0
SBIN,2020-11-20,241.5,245.4,233.95,242.75,84411129,0
SBIN,2020-11-23,243.5,246.15,238.1,238.7,57538324,0
SBIN,2020-11-24,240.5,245.0,239.5,243.85,47636611,0
SBIN,2020-11-25,245.45,249.9,241.6,243.0,74767232,0
SBIN,2020-11-26,244.0,246.25,240.15,245.45,64248318,0
SBIN,2020-11-27,245.45,246.25,242.05,244.25,54355703,0
SBIN,2020-12-01,245.0,248.95,244.25,248.05,37003272,0
SBIN,2020-12-02,248.35,250.85,244.1,246.95,56723083,0
SBIN,2020-12-03,249.3,259.0,248.0,256.3,79266442,0
SBIN,2020-12-04,257.0,264.35,253.55,263.5,79252024,0
SBIN,2020-12-07,263.8,271.45,263.0,269.6,76053084,0
SBIN,2020-12-08,270.95,273.7,265.25,271.9,65617502,0
SBIN,2020-12-09,272.1,274.9,269.2,270.35,48495641,0
SBIN,2020-12-10,269.0,271.0,265.55,269.55,38676657,0
SBIN,2020-12-11,270.05,276.25,270.05,272.45,50255223,0
SBIN,2020-12-14,274.0,276.15,272.35,274.2,31946501,0
SBIN,2020-12-15,274.05,274.05,268.15,270.65,34890948,0
SBIN,2020-12-16,272.8,273.65,268.5,269.4,24844177,0
SBIN,2020-12-17,270.0,272.15,266.7,267.7,25904699,0
SBIN,2020-12-18,267.7,271.95,265.0,271.45,29816205,0
SBIN,2020-12-21,268.45,269.0,251.05,254.7,55160758,0
SBIN,2020-12-22,254.8,258.7,248.25,257.45,51189571,0
SBIN,2020-12-23,256.95,263.9,255.6,263.0,29056404,0
SBIN,2020-12-24,265.0,268.85,264.65,266.85,28585509,0
SBIN,2020-12-28,268.75,276.0,268.0,275.2,36870242,0
SBIN,2020-12-29,276.3,279.9,274.7,277.9,45032526,0
SBIN,2020-12-30,278.0,278.7,272.5,276.9,30971894,0
SBIN,2020-12-31,275.0,277.25,272.6,274.95,29467966,0
SBIN,2021-01-01,274.9,280.0,274.4,279.4,24531791,0
SBIN,2021-01-04,281.85,283.9,277.75,281.05,31450608,0
SBIN,2021-01-05,278.05,282.45,277.0,281.75,27393072,0
SBIN,2021-01-06,283.0,289.15,281.4,285.05,40765708,0
SBIN,2021-01-07,289.0,291.8,287.0,287.7,30546600,0
SBIN,2021-01-08,290.1,291.4,285.2,286.0,32543357,0
SBIN,2021-01-11,288.0,288.2,279.6,282.5,29703173,0
SBIN,2021-01-12,280.0,293.85,277.9,292.5,44307145,0
SBIN,2021-01-13,296.0,308.0,294.5,306.8,78042133,0
SBIN,2021-01-14,306.7,309.25,303.8,307.25,40123498,0
SBIN,2021-01-15,306.8,310.9,301.3,303.85,35307601,0
SBIN,2021-01-18,303.5,308.65,292.2,294.45,54969750,0
SBIN,2021-01-19,297.65,302.5,296.4,298.6,35803901,0
SBIN,2021-01-20,298.8,304.7,296.85,302.55,33759304,0
SBIN,2021-01-21,304.0,305.15,291.5,294.85,29995203,0
SBIN,2021-01-22,295.5,298.0,282.4,283.7,44440810,0
SBIN,2021-01-25,284.5,288.0,277.05,280.95,34034630,0
SBIN,2021-01-27,280.2,284.85,272.7,275.65,39211107,0
SBIN,2021-01-28,271.9,283.35,269.5,282.35,48717297,0
SBIN,2021-01-29,285.6,290.65,279.1,282.1,42300984,0
SBIN,2021-02-01,285.1,313.9,282.75,310.7,103414068,0
SBIN,2021-02-02,315.0,337.4,315.0,333.1,121434166,0
SBIN,2021-02-03,333.75,339.9,325.8,335.95,66420168,0
SBIN,2021-02-04,334.4,358.0,331.1,355.1,145203439,0
SBIN,2021-02-05,387.0,408.35,385.15,393.1,214955688,0
SBIN,2021-02-08,398.0,407.8,394.75,397.05,79389205,0
SBIN,2021-02-09,396.75,403.5,389.0,394.8,63869990,0
SBIN,2021-02-10,394.05,397.9,388.0,392.25,54163507,0
SBIN,2021-02-11,391.8,396.95,388.25,390.15,36392708,0
SBIN,2021-02-12,391.0,399.35,385.55,393.15,53589755,0
SBIN,2021-02-15,397.5,409.45,395.7,406.95,56608937,0
SBIN,2021-02-16,412.0,415.75,400.3,402.35,80365431,0
SBIN,2021-02-17,403.0,414.85,400.15,411.75,74161370,0
SBIN,2021-02-18,425.05,427.7,413.7,415.2,67154539,0
SBIN,2021-02-19,415.0,415.0,395.0,399.55,66155518,0
SBIN,2021-02-22,400.6,401.0,385.65,389.5,52535049,0
SBIN,2021-02-23,392.0,399.7,389.0,395.6,45462768,0
SBIN,2021-02-24,397.0,410.5,395.2,406.25,39632090,0
SBIN,2021-02-25,411.0,414.9,406.55,407.25,46988836,0
SBIN,2021-02-26,399.5,401.0,387.0,390.15,64450414,0
SBIN,2021-03-01,395.1,397.7,391.0,394.95,29677890,0
SBIN,2021-03-02,395.0,399.55,390.55,394.2,30534337,0
SBIN,2021-03-03,396.5,408.9,396.0,405.05,46268223,0
SBIN,2021-03-04,398.7,403.5,394.45,395.65,43603653,0
SBIN,2021-03-05,395.0,395.0,378.1,383.65,72179228,0
SBIN,2021-03-08,388.45,393.4,386.05,389.6,39147858,0
SBIN,2021-03-09,393.45,394.9,382.25,387.6,28054083,0
SBIN,2021-03-10,391.1,393.0,385.7,387.7,22677399,0
SBIN,2021-03-12,391.7,393.2,377.5,381.1,35336355,0
SBIN,2021-03-15,382.5,386.0,369.35,383.9,42722976,0
SBIN,2021-03-16,385.6,387.85,376.1,378.55,38196452,0
SBIN,2021-03-17,378.2,379.65,366.05,368.15,33143064,0
SBIN,2021-03-18,371.5,375.0,361.1,367.1,39405038,0
SBIN,2021-03-19,363.95,372.9,357.25,371.15,60309145,0
SBIN,2021-03-22,372.0,372.8,363.5,367.0,28461974,0
SBIN,2021-03-23,368.7,377.95,367.05,372.7,41032380,0
SBIN,2021-03-24,368.5,369.05,358.65,359.85,42318999,0
SBIN,2021-03-25,360.0,360.85,345.2,355.2,57495003,0
SBIN,2021-03-26,360.0,362.0,354.55,357.2,40718848,0
SBIN,2021-03-30,360.1,364.3,356.3,360.8,39407496,0
SBIN,2021-03-31,360.3,367.85,357.95,364.3,38651025,0
SBIN,2021-04-01,367.7,371.9,363.1,370.65,31883453,0
SBIN,2021-04-05,367.5,369.2,349.05,353.55,51743981,0
SBIN,2021-04-06,355.7,357.0,349.3,350.55,44147709,0
SBIN,2021-04-07,351.25,363.2,347.6,358.55,48023602,0
SBIN,2021-04-08,361.0,363.3,354.3,355.6,33370259,0
SBIN,2021-04-09,354.4,364.5,351.2,353.0,46473100,0
SBIN,2021-04-12,344.0,344.0,322.55,328.85,75501713,0
SBIN,2021-04-13,332.0,342.25,330.5,341.0,49773360,0
SBIN,2021-04-15,342.1,347.55,336.1,342.7,52992349,0
SBIN,2021-04-16,343.0,345.5,338.65,339.9,37766793,0
SBIN,2021-04-19,327.15,332.05,321.3,331.15,53304377,0
SBIN,2021-04-20,335.1,339.9,326.7,329.5,41296147,0
SBIN,2021-04-22,326.0,337.65,323.3,336.65,49105833,0
SBIN,2021-04-23,331.65,339.9,331.65,336.45,44223940,0
SBIN,2021-04-26,339.25,347.45,339.25,344.3,49234985,0
SBIN,2021-04-27,344.0,354.95,342.4,353.05,46003023,0
SBIN,2021-04-28,357.0,364.3,356.05,363.4,56696255,0
SBIN,2021-04-29,365.0,369.95,355.5,359.4,63692926,0
SBIN,2021-04-30,353.45,362.5,350.45,353.5,53832840,0
SBIN,2021-05-03,349.6,352.5,341.4,350.6,43691860,0
SBIN,2021-05-04,355.0,362.9,350.2,351.5,57749307,0
SBIN,2021-05-05,356.5,357.45,348.0,355.4,40872501,0
SBIN,2021-05-06,358.0,359.35,350.55,355.55,36294427,0
SBIN,2021-05-07,357.5,362.0,353.0,358.25,38357618,0
SBIN,2021-05-10,360.5,367.0,358.8,361.7,41739324,0
SBIN,2021-05-11,356.85,366.4,354.75,364.65,41892770,0
SBIN,2021-05-12,362.8,373.5,361.9,367.7,53436590,0
SBIN,2021-05-14,370.0,372.5,359.55,360.45,51722170,0
SBIN,2021-05-17,364.4,385.2,363.65,383.1,106555796,0
SBIN,2021-05-18,390.0,392.55,380.05,382.25,70917710,0
SBIN,2021-05-19,382.0,389.5,381.2,384.4,48189573,0
SBIN,2021-05-20,387.0,387.8,382.0,384.55,42898608,0
SBIN,2021-05-21,390.0,404.4,378.0,401.2,192810772,0
SBIN,2021-05-24,417.0,419.2,405.3,412.05,142964052,0
SBIN,2021-05-25,415.1,415.5,408.5,412.35,56048127,0
SBIN,2021-05-26,413.8,418.75,410.8,413.55,52357719,0
SBIN,2021-05-27,413.7,429.1,412.0,425.2,73392997,0
SBIN,2021-05-28,430.5,433.65,420.05,422.05,65137568,0
SBIN,2021-05-31,421.0,426.0,418.0,424.35,38291043,0
SBIN,2021-06-01,426.05,435.35,425.6,432.55,59299647,0
SBIN,2021-06-02,430.8,437.95,429.15,437.25,38657806,0
SBIN,2021-06-03,437.0,441.95,433.5,439.65,38909199,0
SBIN,2021-06-04,437.5,441.9,431.75,433.6,36898769,0
SBIN,2021-06-07,435.1,437.4,430.8,432.25,20201197,0
SBIN,2021-06-08,432.25,432.5,424.0,427.2,31113823,0
SBIN,2021-06-09,427.5,432.3,418.2,421.45,27784834,0
SBIN,2021-06-10,424.9,433.3,422.4,432.25,27397712,0
SBIN,2021-06-11,434.85,435.5,425.25,429.6,26831924,0
SBIN,2021-06-14,427.0,432.45,416.7,430.35,30106015,0
SBIN,2021-06-15,429.2,432.8,428.0,429.5,16413658,0
SBIN,2021-06-16,428.0,432.75,425.0,425.95,19701175,0
SBIN,2021-06-17,421.0,425.95,416.6,420.25,23048331,0
SBIN,2021-06-18,423.9,423.9,402.65,412.9,45748727,0
SBIN,2021-06-21,406.35,421.0,400.5,419.75,33128978,0
SBIN,2021-06-22,423.0,425.45,417.3,418.65,28442965,0
SBIN,2021-06-23,421.1,424.75,415.0,418.85,27564829,0
SBIN,2021-06-24,420.35,422.75,416.3,417.2,19214547,0
SBIN,2021-06-25,421.0,431.0,419.05,428.8,29886797,0
SBIN,2021-06-28,430.7,433.15,424.55,426.75,29370660,0
SBIN,2021-06-29,427.5,428.95,420.55,421.5,22275961,0
SBIN,2021-06-30,423.0,424.9,418.3,419.2,18337773,0
SBIN,2021-07-01,420.3,423.7,417.15,420.4,16161469,0
SBIN,2021-07-02,420.3,425.4,419.0,424.4,16423811,0
SBIN,2021-07-05,426.5,434.5,424.25,432.65,16483761,0
SBIN,2021-07-06,431.7,436.5,428.2,429.75,20195278,0
SBIN,2021-07-07,429.35,434.0,427.55,432.85,14473774,0
SBIN,2021-07-08,432.8,435.4,422.1,424.45,21433043,0
SBIN,2021-07-09,425.0,427.5,421.05,423.75,16844494,0
SBIN,2021-07-12,426.5,430.25,424.6,427.45,12886781,0
SBIN,2021-07-13,430.0,431.8,428.3,429.1,12831125,0
SBIN,2021-07-14,429.0,432.3,426.4,431.05,12767351,0
SBIN,2021-07-15,432.7,432.95,429.65,431.7,11030732,0
SBIN,2021-07-16,432.0,432.5,427.45,430.0,8713863,0
SBIN,2021-07-19,423.4,429.45,418.85,427.9,14426686,0
SBIN,2021-07-20,427.0,427.0,418.9,420.9,14623321,0
SBIN,2021-07-22,425.55,426.7,420.9,422.05,11799761,0
SBIN,2021-07-23,422.9,429.95,419.5,428.9,17704661,0
SBIN,2021-07-26,427.8,427.8,422.3,423.3,14037519,0
SBIN,2021-07-27,424.15,433.25,424.0,429.95,24119619,0
SBIN,2021-07-28,430.0,430.5,421.05,425.5,17636515,0
SBIN,2021-07-29,426.0,443.6,425.5,441.55,35263606,0
SBIN,2021-07-30,441.5,444.4,430.7,431.8,35196813,0
SBIN,2021-08-02,434.75,436.7,431.8,434.9,16926025,0
SBIN,2021-08-03,434.95,447.9,433.6,446.5,40922962,0
SBIN,2021-08-04,448.65,467.45,441.5,456.95,129761158,0
SBIN,2021-08-05,461.0,462.5,438.4,441.85,58595639,0
SBIN,2021-08-06,443.7,447.0,434.0,435.65,38236066,0
SBIN,2021-08-09,437.9,441.8,431.0,433.4,22196404,0
SBIN,2021-08-10,434.4,436.4,421.7,426.45,27794251,0
SBIN,2021-08-11,429.8,432.9,423.15,428.05,23827946,0
SBIN,2021-08-12,430.0,430.45,425.0,427.15,16847144,0
SBIN,2021-08-13,427.6,432.25,425.0,431.2,20908992,0
SBIN,2021-08-16,430.0,434.0,424.0,424.85,17608693,0
SBIN,2021-08-17,424.85,425.85,415.25,421.5,22957877,0
SBIN,2021-08-18,422.15,424.35,418.0,419.7,17668574,0
SBIN,2021-08-20,415.0,417.35,405.15,406.7,25541790,0
SBIN,2021-08-23,411.1,413.0,401.25,409.5,26559937,0
SBIN,2021-08-24,409.5,418.75,408.2,417.6,19012313,0
SBIN,2021-08-25,419.0,421.3,414.3,416.25,16410980,0
SBIN,2021-08-26,414.5,415.8,410.0,410.75,15897679,0
SBIN,2021-08-27,410.35,414.35,407.5,412.45,15090541,0
SBIN,2021-08-30,414.4,423.3,413.5,422.7,20308691,0
SBIN,2021-08-31,423.85,427.0,418.7,426.05,26262421,0
SBIN,2021-09-01,427.5,432.55,425.15,429.9,18776721,0
SBIN,2021-09-02,431.4,433.5,427.75,429.75,14372717,0
SBIN,2021-09-03,431.25,434.3,428.2,431.4,14233624,0
SBIN,2021-09-06,432.0,433.85,430.05,431.05,10694099,0
SBIN,2021-09-07,431.05,431.7,425.1,429.1,14928735,0
SBIN,2021-09-08,429.0,435.4,427.35,431.35,22817464,0
SBIN,2021-09-09,430.25,433.8,430.0,432.3,9662128,0
SBIN,2021-09-13,430.1,433.8,428.8,432.85,9567921,0
SBIN,2021-09-14,435.0,436.75,432.25,433.0,9981562,0
SBIN,2021-09-15,433.0,445.0,431.45,443.85,22181568,0
SBIN,2021-09-16,444.85,466.1,442.75,463.7,42637448,0
SBIN,2021-09-17,468.0,471.9,450.35,454.1,41529478,0
SBIN,2021-09-20,449.4,453.5,435.65,437.45,18376916,0
SBIN,2021-09-21,440.15,441.35,432.65,438.8,17279588,0
SBIN,2021-09-22,438.9,442.8,436.1,438.85,14321143,0
SBIN,2021-09-23,442.4,451.15,442.05,449.8,20516770,0
SBIN,2021-09-24,451.1,451.9,440.0,440.75,10731274,0
SBIN,2021-09-27,444.9,450.55,442.25,446.6,11746892,0
SBIN,2021-09-28,449.2,455.8,439.6,444.9,19241170,0
SBIN,2021-09-29,441.85,462.3,439.1,460.0,38635938,0
SBIN,2021-09-30,459.95,464.9,451.4,453.0,26530369,0
SBIN,2021-10-01,448.5,455.55,443.8,451.65,14777309,0
SBIN,2021-10-04,453.8,464.4,451.6,463.15,16246765,0
SBIN,2021-10-05,462.0,469.0,458.7,464.7,16487568,0
SBIN,2021-10-06,465.0,471.0,453.65,457.2,19056690,0
SBIN,2021-10-07,462.1,464.0,457.1,457.9,9984651,0
SBIN,2021-10-08,461.9,464.0,454.25,458.0,16521128,0
SBIN,2021-10-11,460.0,474.95,458.65,469.25,20686981,0
SBIN,2021-10-12,470.0,484.4,468.1,483.0,33763609,0
SBIN,2021-10-13,486.15,486.15,478.0,481.7,17638983,0
SBIN,2021-10-14,482.0,493.9,482.0,490.6,23431826,0
SBIN,2021-10-18,494.0,501.0,491.7,497.95,20084248,0
SBIN,2021-10-19,500.35,504.2,483.25,488.2,20645100,0
SBIN,2021-10-20,488.8,507.5,483.1,499.9,34080545,0
SBIN,2021-10-21,504.9,506.5,491.75,502.95,20808243,0
SBIN,2021-10-22,504.6,508.7,500.0,502.95,24080485,0
SBIN,2021-10-25,506.5,515.45,497.85,506.5,35619415,0
SBIN,2021-10-26,507.6,518.2,507.6,512.55,21107457,0
SBIN,2021-10-27,513.7,526.85,512.75,519.15,29463032,0
SBIN,2021-10-28,519.6,520.55,497.6,501.35,28140401,0
SBIN,2021-10-29,501.5,512.65,488.4,502.15,31355893,0
SBIN,2021-11-01,508.5,516.95,501.0,515.7,20679604,0
SBIN,2021-11-02,514.8,525.0,512.05,521.7,26797820,0
SBIN,2021-11-03,524.0,542.3,515.2,527.65,80775924,0
SBIN,2021-11-04,531.5,535.9,528.05,530.45,9796046,0
SBIN,2021-11-08,534.45,534.45,516.45,523.25,36802110,0
SBIN,2021-11-09,526.25,532.0,522.2,529.15,25451967,0
SBIN,2021-11-10,525.55,528.5,521.5,524.4,15805538,0
SBIN,2021-11-11,522.85,522.85,507.1,509.6,23086898,0
SBIN,2021-11-12,512.0,513.0,502.7,511.35,19836221,0
SBIN,2021-11-15,512.4,515.9,505.5,506.55,13328183,0
SBIN,2021-11-16,507.4,507.4,493.5,495.1,19553216,0
SBIN,2021-11-17,493.85,505.4,491.0,498.15,20488483,0
SBIN,2021-11-18,499.1,506.2,492.3,503.8,22471070,0
SBIN,2021-11-22,506.0,506.0,477.5,486.4,28800269,0
SBIN,2021-11-23,485.25,495.4,480.0,493.05,20000371,0
SBIN,2021-11-24,495.8,500.0,489.05,493.15,13963769,0
SBIN,2021-11-25,490.0,495.45,486.3,490.55,12894211,0
SBIN,2021-11-26,486.25,487.9,467.1,470.5,26305817,0
SBIN,2021-11-29,470.0,477.75,454.3,465.1,22407465,0
SBIN,2021-11-30,468.0,477.25,458.0,460.55,23026652,0
SBIN,2021-12-01,464.45,477.25,464.0,475.3,17156956,0
SBIN,2021-12-02,474.5,478.15,470.95,477.0,12962679,0
SBIN,2021-12-03,475.75,481.5,470.05,473.15,16653993,0
SBIN,2021-12-06,473.15,477.0,463.8,465.3,14353300,0
SBIN,2021-12-07,469.2,479.7,469.2,476.7,13644942,0
SBIN,2021-12-08,480.9,492.4,480.25,491.55,20397660,0
SBIN,2021-12-09,492.3,493.5,486.1,488.65,12560970,0
SBIN,2021-12-10,488.5,495.95,484.4,494.7,13261408,0
SBIN,2021-12-13,497.75,500.45,486.35,487.8,14047645,0
SBIN,2021-12-14,486.0,490.35,481.8,488.55,11642447,0
SBIN,2021-12-15,490.0,491.0,483.5,484.8,8639835,0
SBIN,2021-12-16,488.35,490.55,478.25,481.15,11107781,0
SBIN,2021-12-17,480.05,481.4,466.5,467.8,12648603,0
SBIN,2021-12-20,459.0,464.0,443.0,449.2,22336114,0
SBIN,2021-12-21,457.05,458.25,444.5,446.0,16617447,0
SBIN,2021-12-22,450.0,457.3,449.0,455.85,13102553,0
SBIN,2021-12-23,461.0,465.0,457.75,461.8,14471377,0
SBIN,2021-12-24,462.6,463.6,452.2,456.95,13221159,0
SBIN,2021-12-27,453.7,460.5,450.55,458.05,8856482,0
SBIN,2021-12-28,461.2,462.9,459.05,461.2,8832210,0
SBIN,2021-12-29,461.0,462.15,451.4,454.4,11757303,0
SBIN,2021-12-30,452.75,454.9,448.5,451.7,28879190,0
SBIN,2021-12-31,454.25,461.4,453.1,460.45,10005842,0
SBIN,2022-01-03,462.0,472.0,460.1,470.8,13124509,0
SBIN,2022-01-04,472.5,484.7,471.05,483.5,23296671,0
SBIN,2022-01-05,481.9,495.0,479.15,492.4,24694169,0
SBIN,2022-01-06,487.7,494.4,485.4,491.7,18190843,0
SBIN,2022-01-07,493.45,501.95,489.45,491.25,22746330,0
SBIN,2022-01-10,493.35,504.95,492.5,503.65,15832274,0
SBIN,2022-01-11,503.0,507.8,499.25,505.95,16107950,0
SBIN,2022-01-12,509.9,513.5,508.5,510.25,14489616,0
SBIN,2022-01-13,510.0,512.85,507.0,511.35,10450974,0
SBIN,2022-01-14,509.0,510.35,505.15,508.35,8724574,0
SBIN,2022-01-17,508.0,518.9,507.55,514.0,17422211,0
SBIN,2022-01-18,514.0,517.45,505.0,506.8,12592506,0
SBIN,2022-01-19,505.0,517.65,500.3,515.8,16079457,0
SBIN,2022-01-20,516.0,519.15,508.0,511.4,17724642,0
SBIN,2022-01-21,505.3,507.5,498.0,502.7,16947941,0
SBIN,2022-01-24,502.4,506.8,488.0,494.15,20233933,0
SBIN,2022-01-25,490.0,517.5,489.0,514.65,21791739,0
SBIN,2022-01-27,503.55,530.85,503.2,528.95,35409230,0
SBIN,2022-01-28,534.0,536.4,521.4,523.45,24715250,0
SBIN,2022-01-31,529.0,540.9,527.05,538.3,28674232,0
SBIN,2022-02-01,543.95,543.95,520.0,532.3,32245356,0
SBIN,2022-02-02,536.65,544.25,531.35,539.8,21661864,0
SBIN,2022-02-03,537.15,544.7,537.15,540.1,22717677,0
SBIN,2022-02-04,542.15,546.4,527.3,530.3,25332894,0
SBIN,2022-02-07,531.9,549.0,525.25,533.25,52289545,0
SBIN,2022-02-08,535.5,537.65,519.0,531.35,26567546,0
SBIN,2022-02-09,534.95,536.5,527.75,535.25,14856155,0
SBIN,2022-02-10,537.1,543.95,534.4,540.55,18659370,0
SBIN,2022-02-11,536.25,537.7,527.1,529.6,14607095,0
SBIN,2022-02-14,515.0,515.6,499.7,501.4,26153332,0
SBIN,2022-02-15,502.0,526.85,497.1,524.8,23842951,0
SBIN,2022-02-16,526.5,528.0,514.0,516.7,19773807,0
SBIN,2022-02-17,520.0,520.0,511.15,512.95,16408356,0
SBIN,2022-02-18,510.1,520.9,510.1,515.3,15111223,0
SBIN,2022-02-21,511.55,517.5,504.65,511.85,16866932,0
SBIN,2022-02-22,500.9,505.3,495.5,498.4,27108772,0
SBIN,2022-02-23,503.0,505.35,497.25,498.7,13899433,0
SBIN,2022-02-24,480.0,487.95,468.0,472.65,32356037,0
SBIN,2022-02-25,480.0,491.9,479.3,482.95,21792287,0
SBIN,2022-02-28,476.9,485.3,473.1,483.2,18069367,0
SBIN,2022-03-02,478.0,479.8,467.0,474.25,22003848,0
SBIN,2022-03-03,480.0,483.4,464.6,467.4,20358590,0
SBIN,2022-03-04,460.3,470.9,457.65,461.95,20684268,0
SBIN,2022-03-07,447.5,453.95,433.45,440.3,33720472,0
SBIN,2022-03-08,438.0,442.1,425.0,440.3,42510207,0
SBIN,2022-03-09,442.0,454.3,438.55,451.7,32331325,0
SBIN,2022-03-10,469.9,476.65,461.65,468.7,34553299,0
SBIN,2022-03-11,466.4,474.8,462.0,470.35,22091309,0
SBIN,2022-03-14,471.0,486.0,470.55,485.15,27750689,0
SBIN,2022-03-15,489.0,490.5,480.65,485.85,27204899,0
SBIN,2022-03-16,493.0,494.3,489.4,492.75,16211288,0
SBIN,2022-03-17,499.0,503.5,498.3,501.9,22947673,0
SBIN,2022-03-21,502.0,502.0,489.0,490.6,19064060,0
SBIN,2022-03-22,490.6,495.8,477.25,493.7,26157969,0
SBIN,2022-03-23,498.5,502.4,489.2,490.65,15800195,0
SBIN,2022-03-24,485.0,494.8,483.5,487.1,18174877,0
SBIN,2022-03-25,491.75,493.3,486.6,490.7,11541196,0
SBIN,2022-03-28,490.95,498.6,481.95,497.5,16738684,0
SBIN,2022-03-29,500.0,501.4,491.7,495.0,14301429,0
SBIN,2022-03-30,499.3,500.4,492.3,494.3,16461225,0
SBIN,2022-03-31,494.3,497.55,492.2,493.55,10240982,0
SBIN,2022-04-01,491.0,509.75,491.0,508.2,18527226,0
SBIN,2022-04-04,509.3,514.9,506.0,512.4,16257176,0
SBIN,2022-04-05,514.4,516.4,507.7,509.4,13602384,0
SBIN,2022-04-06,507.0,515.2,506.0,513.95,13738275,0
SBIN,2022-04-07,510.05,519.9,510.05,514.95,19620958,0
SBIN,2022-04-08,519.5,519.5,512.35,516.1,13572638,0
SBIN,2022-04-11,513.5,522.0,513.2,514.9,12370288,0
SBIN,2022-04-12,512.75,516.7,504.35,512.85,14460680,0
SBIN,2022-04-13,514.3,520.9,513.75,517.7,15440525,0
SBIN,2022-04-18,512.0,515.0,504.0,509.5,14492183,0
SBIN,2022-04-19,513.25,520.95,505.1,511.8,20362934,0
SBIN,2022-04-20,512.0,513.7,507.0,509.3,11881305,0
SBIN,2022-04-21,513.4,518.0,512.2,516.3,10035638,0
SBIN,2022-04-22,512.9,513.5,499.0,500.6,16760456,0
SBIN,2022-04-25,495.0,499.2,490.05,494.75,14057444,0
SBIN,2022-04-26,499.0,507.9,498.45,505.5,12137213,0
SBIN,2022-04-27,500.0,502.8,491.85,497.25,12367342,0
SBIN,2022-04-28,499.15,510.0,496.5,507.5,12154792,0
SBIN,2022-04-29,508.1,512.5,494.0,496.3,12894773,0
SBIN,2022-05-02,492.65,495.0,481.3,491.0,18590895,0
SBIN,2022-05-04,492.0,496.45,477.5,479.65,14645323,0
SBIN,2022-05-05,485.0,494.0,478.65,480.0,14130385,0
SBIN,2022-05-06,471.0,486.1,471.0,483.95,16710020,0
SBIN,2022-05-09,477.1,483.7,473.8,475.9,13544947,0
SBIN,2022-05-10,477.0,482.55,473.5,475.2,10884328,0
SBIN,2022-05-11,475.25,479.0,463.65,476.55,14771351,0
SBIN,2022-05-12,473.0,473.0,456.35,462.65,18947096,0
SBIN,2022-05-13,469.45,477.0,439.75,444.65,61403008,0
SBIN,2022-05-16,445.0,461.5,438.85,455.0,27940958,0
SBIN,2022-05-17,458.3,469.65,456.15,467.3,16880698,0
SBIN,2022-05-18,467.9,468.6,457.1,458.0,15644497,0
SBIN,2022-05-19,449.05,450.0,444.45,447.5,14201420,0
SBIN,2022-05-20,454.85,464.0,454.15,462.4,13596860,0
SBIN,2022-05-23,463.1,471.4,459.5,460.9,13499415,0
SBIN,2022-05-24,462.4,466.8,460.2,462.05,17175179,0
SBIN,2022-05-25,461.0,464.45,452.05,454.1,12728644,0
SBIN,2022-05-26,456.85,470.1,452.5,468.9,17055257,0
SBIN,2022-05-27,471.4,475.0,467.5,468.95,10977001,0
SBIN,2022-05-30,473.0,476.9,471.1,474.6,9365470,0
SBIN,2022-05-31,474.0,476.4,465.0,468.1,15441579,0
SBIN,2022-06-01,468.0,472.0,464.7,468.3,9424008,0
SBIN,2022-06-02,466.9,472.35,466.15,469.85,9370989,0
SBIN,2022-06-03,473.25,475.5,463.5,464.5,11306291,0
SBIN,2022-06-06,464.2,465.6,456.5,463.7,10661432,0
SBIN,2022-06-07,461.85,465.95,460.5,463.4,7672515,0
SBIN,2022-06-08,466.6,475.55,463.2,471.3,17168871,0
SBIN,2022-06-09,468.95,470.9,462.45,466.95,12635601,0
SBIN,2022-06-10,462.0,464.15,458.6,461.85,8621104,0
SBIN,2022-06-13,454.0,454.05,442.1,445.85,13426836,0
SBIN,2022-06-14,445.0,449.25,443.35,448.1,11351101,0
SBIN,2022-06-15,448.95,455.45,448.6,451.35,9920926,0
SBIN,2022-06-16,455.15,457.75,440.15,441.6,10780703,0
SBIN,2022-06-17,440.0,447.55,437.25,441.0,14326050,0
SBIN,2022-06-20,441.5,443.45,430.7,434.7,12368534,0
SBIN,2022-06-21,439.5,454.95,437.6,450.75,13801891,0
SBIN,2022-06-22,448.75,451.2,444.65,447.65,11066447,0
SBIN,2022-06-23,449.0,456.45,446.0,451.4,12229833,0
SBIN,2022-06-24,455.8,460.35,453.2,454.25,10833364,0
SBIN,2022-06-27,459.95,464.85,458.05,461.2,9509175,0
SBIN,2022-06-28,458.9,465.75,458.0,464.25,13261290,0
SBIN,2022-06-29,460.0,462.7,458.0,459.1,11800876,0
SBIN,2022-06-30,459.0,469.3,458.6,465.9,16926328,0
SBIN,2022-07-01,463.35,468.8,460.55,466.85,9405495,0
SBIN,2022-07-04,466.85,474.15,466.85,473.45,9186358,0
SBIN,2022-07-05,475.15,480.0,471.0,472.15,12003244,0
SBIN,2022-07-06,475.15,481.0,473.9,479.95,12059857,0
SBIN,2022-07-07,484.0,488.25,481.6,486.75,11497832,0
SBIN,2022-07-08,489.0,489.9,485.15,488.55,9057231,0
SBIN,2022-07-11,485.0,491.3,485.0,488.2,7704792,0
SBIN,2022-07-12,485.0,491.35,483.1,484.95,7364457,0
SBIN,2022-07-13,487.75,492.45,484.55,486.5,8208853,0
SBIN,2022-07-14,486.6,488.9,476.8,479.35,9385630,0
SBIN,2022-07-15,482.55,484.4,474.7,479.1,6945602,0
SBIN,2022-07-18,484.55,491.5,482.1,490.3,9934786,0
SBIN,2022-07-19,488.0,498.55,488.0,497.95,11724183,0
SBIN,2022-07-20,501.0,510.6,500.4,508.6,19280117,0
SBIN,2022-07-21,509.8,513.4,506.75,512.05,13814893,0
SBIN,2022-07-22,513.45,520.2,511.2,513.7,14699129,0
SBIN,2022-07-25,513.4,519.0,509.15,517.8,10229778,0
SBIN,2022-07-26,517.7,520.8,513.1,514.2,8862656,0
SBIN,2022-07-27,515.3,529.95,512.25,528.2,15101546,0
SBIN,2022-07-28,533.2,537.5,529.55,532.45,12160734,0
SBIN,2022-07-29,535.05,537.0,526.75,528.35,11921058,0
SBIN,2022-08-01,529.05,535.0,526.4,533.75,8295631,0
SBIN,2022-08-02,531.9,544.9,531.1,542.1,16845027,0
SBIN,2022-08-03,541.9,546.4,534.65,540.85,24262125,0
SBIN,2022-08-04,543.65,544.0,524.2,533.25,18072293,0
SBIN,2022-08-05,535.55,542.9,529.0,531.05,21110734,0
SBIN,2022-08-08,524.0,524.0,513.85,520.4,32566317,0
SBIN,2022-08-10,521.55,523.5,513.4,514.7,16904151,0
SBIN,2022-08-11,520.0,526.0,517.2,524.75,13862195,0
SBIN,2022-08-12,525.7,531.8,525.15,530.7,12154012,0
SBIN,2022-08-16,533.3,533.85,525.0,525.95,10721167,0
SBIN,2022-08-17,528.85,530.55,524.35,528.15,12054183,0
SBIN,2022-08-18,526.85,534.8,526.2,532.35,9013662,0
SBIN,2022-08-19,532.0,533.65,518.5,520.35,11087222,0
SBIN,2022-08-22,519.0,519.9,510.0,511.3,9676954,0
SBIN,2022-08-23,508.25,524.0,508.25,521.9,8597965,0
SBIN,2022-08-24,519.0,523.0,512.3,519.3,11930650,0
SBIN,2022-08-25,521.95,528.3,518.5,520.4,15473450,0
SBIN,2022-08-26,523.8,529.5,522.2,523.8,12855886,0
SBIN,2022-08-29,511.3,517.0,508.75,514.85,9421339,0
SBIN,2022-08-30,518.2,532.5,517.95,531.25,14835308,0
SBIN,2022-09-01,522.25,540.9,522.25,533.3,16670228,0
SBIN,2022-09-02,537.0,537.85,531.25,536.7,10017930,0
SBIN,2022-09-05,537.0,540.8,536.3,538.9,7819994,0
SBIN,2022-09-06,538.0,542.7,534.1,537.8,8657868,0
SBIN,2022-09-07,534.4,537.45,531.55,532.85,8445359,0
SBIN,2022-09-08,536.0,546.3,535.5,544.65,12240707,0
SBIN,2022-09-09,549.65,557.0,548.0,553.35,18587927,0
SBIN,2022-09-12,554.9,558.6,551.25,554.9,9677415,0
SBIN,2022-09-13,560.0,560.0,553.75,558.0,16707275,0
SBIN,2022-09-14,550.0,574.85,549.25,571.75,21632641,0
SBIN,2022-09-15,572.55,578.5,567.9,572.15,12749947,0
SBIN,2022-09-16,569.1,574.0,560.3,561.8,14739280,0
SBIN,2022-09-19,560.7,574.4,559.55,572.25,11194003,0
SBIN,2022-09-20,577.95,577.95,572.85,574.05,8484017,0
SBIN,2022-09-21,575.0,577.3,565.4,569.7,9392526,0
SBIN,2022-09-22,566.75,574.0,562.0,567.3,11869435,0
SBIN,2022-09-23,564.8,568.0,549.5,550.6,12563239,0
SBIN,2022-09-26,545.8,549.0,533.0,543.3,16158750,0
SBIN,2022-09-27,544.55,550.9,533.2,536.5,11066799,0
SBIN,2022-09-28,532.9,539.8,520.35,524.85,12233485,0
SBIN,2022-09-29,529.0,535.7,519.55,521.75,17310168,0
SBIN,2022-09-30,524.0,536.9,516.15,530.6,17466950,0
SBIN,2022-10-03,527.6,531.65,518.5,519.75,9351162,0
SBIN,2022-10-04,533.0,535.8,527.8,532.7,8745887,0
SBIN,2022-10-06,534.6,541.8,534.6,537.3,9507322,0
SBIN,2022-10-07,535.5,535.6,526.55,530.2,11065307,0
SBIN,2022-10-10,525.7,533.9,522.2,530.75,9649292,0
SBIN,2022-10-11,530.75,533.7,525.5,527.4,10825440,0
SBIN,2022-10-12,530.0,535.0,526.0,533.8,8522604,0
SBIN,2022-10-13,533.0,533.8,520.2,521.45,12972765,0
SBIN,2022-10-14,530.2,534.85,526.0,527.2,8545479,0
SBIN,2022-10-17,526.4,544.7,524.2,543.65,13485349,0
SBIN,2022-10-18,547.1,563.5,546.75,562.45,20440781,0
SBIN,2022-10-19,563.0,563.45,551.55,553.4,9540583,0
SBIN,2022-10-20,552.0,556.8,545.3,555.4,11225588,0
SBIN,2022-10-21,557.25,565.8,557.25,560.85,11767639,0
SBIN,2022-10-24,567.0,572.5,565.9,570.5,3692065,0
SBIN,2022-10-25,572.5,586.2,568.0,578.55,19899324,0
SBIN,2022-10-27,583.95,585.0,577.6,579.65,13613533,0
SBIN,2022-10-28,579.95,582.65,567.0,570.75,10043644,0
SBIN,2022-10-31,574.95,577.45,568.4,573.8,9894639,0
SBIN,2022-11-01,576.35,585.75,574.6,576.9,12069579,0
SBIN,2022-11-02,575.9,578.95,569.9,573.85,10241440,0
SBIN,2022-11-03,569.0,587.95,568.0,584.9,17557998,0
SBIN,2022-11-04,586.0,596.95,580.4,593.95,25759031,0
SBIN,2022-11-07,613.0,622.7,607.7,614.15,44265903,0
SBIN,2022-11-09,621.0,621.0,610.55,615.55,18939854,0
SBIN,2022-11-10,613.1,615.1,602.2,605.75,11618405,0
SBIN,2022-11-11,617.25,619.55,598.5,601.3,15525267,0
SBIN,2022-11-14,603.95,603.95,591.65,592.55,12957268,0
SBIN,2022-11-15,594.3,602.1,592.65,600.85,10286417,0
SBIN,2022-11-16,599.95,603.5,596.0,599.75,11555749,0
SBIN,2022-11-17,599.1,602.75,596.15,599.05,8167131,0
SBIN,2022-11-18,601.0,605.75,597.15,602.7,12933675,0
SBIN,2022-11-21,602.1,602.1,595.35,598.1,7412419,0
SBIN,2022-11-22,598.15,600.7,596.15,599.1,8048595,0
SBIN,2022-11-23,601.55,609.6,601.0,607.65,12435924,0
SBIN,2022-11-24,609.75,611.3,605.8,609.35,8960032,0
SBIN,2022-11-25,610.55,613.7,606.25,607.4,9994513,0
SBIN,2022-11-28,605.6,610.9,602.35,608.6,7934274,0
SBIN,2022-11-29,607.1,611.8,607.1,608.55,6942919,0
SBIN,2022-11-30,608.5,611.4,598.4,602.45,15606230,0
SBIN,2022-12-01,607.85,609.8,601.55,608.1,14209313,0
SBIN,2022-12-02,607.5,609.6,604.25,607.55,7533838,0
SBIN,2022-12-05,608.5,618.0,607.55,617.3,11585602,0
SBIN,2022-12-06,614.75,619.8,607.8,608.95,12996244,0
SBIN,2022-12-07,610.85,612.9,604.5,607.05,7613892,0
SBIN,2022-12-08,609.75,613.8,607.15,611.65,10020015,0
SBIN,2022-12-09,614.4,618.0,609.1,616.5,11202267,0
SBIN,2022-12-12,614.8,618.7,611.0,613.05,9285187,0
SBIN,2022-12-13,613.5,617.4,612.5,616.75,7455415,0
SBIN,2022-12-14,618.5,626.75,617.5,625.5,14010673,0
SBIN,2022-12-15,625.55,629.55,614.3,615.95,10622271,0
SBIN,2022-12-16,612.0,615.6,602.1,603.35,9435071,0
SBIN,2022-12-19,604.0,609.5,603.0,604.45,8322012,0
SBIN,2022-12-20,603.0,606.5,599.55,604.45,6753785,0
SBIN,2022-12-21,605.9,609.15,589.6,593.4,9217253,0
SBIN,2022-12-22,597.0,599.0,587.55,593.4,8740149,0
SBIN,2022-12-23,590.0,590.7,571.5,574.0,13047046,0
SBIN,2022-12-26,574.0,601.7,570.7,597.1,13201587,0
SBIN,2022-12-27,600.4,603.1,593.3,601.9,9638618,0
SBIN,2022-12-28,600.9,607.0,598.55,601.05,7988631,0
SBIN,2022-12-29,600.0,618.0,597.15,611.8,20130392,0
SBIN,2022-12-30,615.25,620.55,611.35,613.7,13052895,0
SBIN,2023-01-02,614.95,619.2,611.2,612.2,6726084,0
SBIN,2023-01-03,614.5,616.6,610.0,612.4,6818062,0
SBIN,2023-01-04,611.85,614.95,604.0,605.2,7011191,0
SBIN,2023-01-05,607.0,611.6,601.95,605.1,8241475,0
SBIN,2023-01-06,607.4,607.45,597.0,600.65,7972036,0
SBIN,2023-01-09,605.0,609.0,600.1,607.7,8878905,0
SBIN,2023-01-10,608.45,609.0,590.6,595.15,10622660,0
SBIN,2023-01-11,596.45,599.5,592.25,596.7,7419630,0
SBIN,2023-01-12,597.9,597.9,590.1,594.9,8183715,0
SBIN,2023-01-13,597.9,602.9,593.65,600.1,7877610,0
SBIN,2023-01-16,603.0,606.1,600.6,603.0,5483191,0
SBIN,2023-01-17,603.0,606.0,586.05,592.95,13461999,0
SBIN,2023-01-18,595.9,597.15,587.6,591.45,11538075,0
SBIN,2023-01-19,591.0,591.75,587.55,589.85,7475688,0
SBIN,2023-01-20,593.8,596.6,590.8,592.2,6750607,0
SBIN,2023-01-23,598.5,601.75,592.95,600.45,6604469,0
SBIN,2023-01-24,603.5,604.6,593.05,594.35,7609623,0
SBIN,2023-01-25,595.85,595.85,567.4,568.7,25686294,0
SBIN,2023-01-27,568.0,568.55,532.25,539.95,40163464,0
SBIN,2023-01-30,536.0,554.35,525.2,538.2,40797825,0
SBIN,2023-01-31,545.0,557.0,537.85,553.5,21911943,0
SBIN,2023-02-01,561.4,565.0,499.35,527.35,38218810,0
SBIN,2023-02-02,520.2,532.65,502.5,528.1,39287056,0
SBIN,2023-02-03,536.0,545.95,519.15,544.2,32317232,0
SBIN,2023-02-06,558.8,558.8,536.55,545.4,25338586,0
SBIN,2023-02-07,548.0,551.4,541.05,547.1,16195947,0
SBIN,2023-02-08,550.0,554.5,545.5,549.75,15502847,0
SBIN,2023-02-09,552.0,552.0,542.8,550.8,15061047,0
SBIN,2023-02-10,546.5,557.25,546.5,553.05,13824475,0
SBIN,2023-02-13,554.0,556.9,533.3,537.5,18488732,0
SBIN,2023-02-14,539.95,544.6,530.75,540.85,18559909,0
SBIN,2023-02-15,540.0,544.65,536.8,542.25,12796579,0
SBIN,2023-02-16,546.85,546.85,538.5,540.1,12767016,0
SBIN,2023-02-17,538.5,539.65,527.75,531.0,14192008,0
SBIN,2023-02-20,532.0,533.95,522.15,525.15,12570032,0
SBIN,2023-02-21,527.1,528.95,522.4,523.45,10223218,0
SBIN,2023-02-22,520.75,521.9,512.5,516.35,14763050,0
SBIN,2023-02-23,516.95,524.0,511.35,521.0,15535085,0
SBIN,2023-02-24,524.2,527.5,517.6,521.05,12253035,0
SBIN,2023-02-27,521.1,529.8,519.0,527.7,11048799,0
SBIN,2023-02-28,527.25,528.45,521.05,522.8,15768010,0
SBIN,2023-03-01,523.25,537.4,523.1,536.7,13510198,0
SBIN,2023-03-02,535.95,539.9,532.5,533.75,10376913,0
SBIN,2023-03-03,542.0,564.3,541.75,561.2,27656538,0
SBIN,2023-03-06,564.9,567.9,559.0,561.7,16162268,0
SBIN,2023-03-08,560.0,565.5,556.45,564.8,12637578,0
SBIN,2023-03-09,564.75,565.75,558.0,558.9,8993423,0
SBIN,2023-03-10,553.1,554.95,545.0,547.35,11522371,0
SBIN,2023-03-13,547.0,553.15,528.45,530.0,14373729,0
SBIN,2023-03-14,527.65,532.8,520.0,525.4,14750800,0
SBIN,2023-03-15,529.8,532.0,515.55,517.55,11282329,0
SBIN,2023-03-16,518.4,529.35,514.3,524.5,20040008,0
SBIN,2023-03-17,528.65,531.6,520.1,529.8,18787379,0
SBIN,2023-03-20,526.6,526.6,515.0,519.2,14275315,0
SBIN,2023-03-21,522.0,523.45,516.45,521.85,29485180,0
SBIN,2023-03-22,522.2,527.0,520.1,521.55,11619538,0
SBIN,2023-03-23,519.4,521.0,511.5,512.75,22097792,0
SBIN,2023-03-24,514.5,514.95,503.45,505.35,14416984,0
SBIN,2023-03-27,507.0,514.15,501.55,510.15,15674218,0
SBIN,2023-03-28,511.45,511.75,503.85,508.1,15833599,0
SBIN,2023-03-29,509.0,518.0,506.3,516.5,24203789,0
SBIN,2023-03-31,520.65,524.9,519.35,523.75,17356345,0
SBIN,2023-04-03,524.75,528.5,522.1,526.75,14210949,0
SBIN,2023-04-05,527.0,527.6,519.05,523.0,13574801,0
SBIN,2023-04-06,524.0,533.7,521.65,527.65,25125879,0
SBIN,2023-04-10,529.25,530.4,524.4,526.3,17335453,0
SBIN,2023-04-11,530.85,535.7,527.15,532.1,26414406,0
SBIN,2023-04-12,533.2,534.0,526.0,528.2,21292441,0
SBIN,2023-04-13,529.3,534.25,527.15,532.95,28597560,0
SBIN,2023-04-17,528.0,545.0,528.0,544.0,32476990,0
SBIN,2023-04-18,545.35,548.5,540.5,545.85,22283456,0
SBIN,2023-04-19,544.0,547.5,538.25,540.3,21156372,0
SBIN,2023-04-20,541.2,545.45,536.65,544.8,25588577,0
SBIN,2023-04-21,545.0,546.4,539.7,543.15,22599418,0
SBIN,2023-04-24,543.8,555.55,543.5,554.6,23335611,0
SBIN,2023-04-25,555.0,567.9,555.0,561.8,38142390,0
SBIN,2023-04-26,562.0,567.0,556.45,566.35,23143882,0
SBIN,2023-04-27,565.0,567.4,561.1,564.75,17845169,0
SBIN,2023-04-28,567.8,580.45,565.5,578.3,16183423,0
SBIN,2023-05-02,580.0,580.85,573.15,575.3,13667511,0
SBIN,2023-05-03,570.65,575.0,569.0,570.5,9699527,0
SBIN,2023-05-04,570.2,580.8,568.5,580.0,12533761,0
SBIN,2023-05-05,580.2,588.25,575.05,576.5,18163461,0
SBIN,2023-05-08,577.65,587.6,577.35,583.6,12990869,0
SBIN,2023-05-09,585.0,586.45,572.1,573.5,18959065,0
SBIN,2023-05-10,575.0,575.0,563.25,572.2,18561315,0
SBIN,2023-05-11,572.2,580.0,572.0,573.45,16016715,0
SBIN,2023-05-12,574.7,580.75,571.55,578.15,11319335,0
SBIN,2023-05-15,578.75,584.0,574.65,581.9,11410243,0
SBIN,2023-05-16,584.0,590.4,582.0,586.3,22178229,0
SBIN,2023-05-17,586.0,590.5,579.5,586.3,23739774,0
SBIN,2023-05-18,590.3,593.9,571.4,574.2,45656620,0
SBIN,2023-05-19,579.0,586.25,569.9,575.15,42293962,0
SBIN,2023-05-22,577.5,580.3,573.45,577.15,21484049,0
SBIN,2023-05-23,578.9,583.7,576.8,581.6,16120548,0
SBIN,2023-05-24,579.8,585.25,578.25,582.7,17616658,0
SBIN,2023-05-25,582.0,582.9,577.0,581.25,16479436,0
SBIN,2023-05-26,581.25,587.75,580.55,586.0,9788076,0
SBIN,2023-05-29,590.0,596.4,588.05,595.0,18432231,0
SBIN,2023-05-30,595.0,595.5,591.5,592.8,15031640,0
SBIN,2023-05-31,583.8,584.8,577.5,579.85,28797643,0
SBIN,2023-06-01,581.8,586.4,581.0,582.75,17820226,0
SBIN,2023-06-02,584.7,588.9,583.0,587.2,11323908,0
SBIN,2023-06-05,588.5,589.8,586.0,587.2,12920507,0
SBIN,2023-06-06,588.0,588.9,583.0,585.35,11199940,0
SBIN,2023-06-07,588.0,590.6,586.0,589.2,11113781,0
SBIN,2023-06-08,589.95,593.95,586.35,588.5,15971917,0
SBIN,2023-06-09,588.0,589.1,576.75,578.7,18870272,0
SBIN,2023-06-12,580.0,581.5,577.7,578.65,8786066,0
SBIN,2023-06-13,579.45,581.4,574.25,576.4,12612098,0
SBIN,2023-06-14,577.0,578.55,575.25,576.55,8948696,0
SBIN,2023-06-15,576.0,576.7,565.25,566.5,17934877,0
SBIN,2023-06-16,568.75,574.7,567.05,571.25,12660226,0
SBIN,2023-06-19,571.25,572.75,565.9,568.85,17903691,0
SBIN,2023-06-20,568.85,569.45,562.55,567.4,14549152,0
SBIN,2023-06-21,567.4,569.5,565.65,566.35,14946871,0
SBIN,2023-06-22,566.35,569.0,561.05,562.95,14979063,0
SBIN,2023-06-23,562.0,562.1,553.8,554.6,12215712,0
SBIN,2023-06-26,556.0,558.5,554.5,557.05,8360264,0
SBIN,2023-06-27,558.25,567.95,555.65,566.1,10694768,0
SBIN,2023-06-28,572.25,574.0,568.55,569.8,18028934,0
SBIN,2023-06-30,574.0,574.0,570.2,572.85,8718232,0
SBIN,2023-07-03,574.5,586.35,573.9,585.45,15421985,0
SBIN,2023-07-04,588.2,595.95,582.25,589.25,24799250,0
SBIN,2023-07-05,589.8,593.7,588.2,590.6,13598114,0
SBIN,2023-07-06,590.4,593.5,589.1,592.5,11323509,0
SBIN,2023-07-07,590.0,595.5,585.5,593.6,11707209,0
SBIN,2023-07-10,594.65,599.8,590.25,592.6,11417363,0
SBIN,2023-07-11,595.0,595.95,587.35,588.55,13221177,0
SBIN,2023-07-12,589.0,594.5,588.2,589.25,16029716,0
SBIN,2023-07-13,594.9,598.0,583.35,585.65,20024503,0
SBIN,2023-07-14,586.75,591.3,580.7,584.4,12190152,0
SBIN,2023-07-17,587.0,602.85,584.2,601.1,19378986,0
SBIN,2023-07-18,603.05,604.05,588.75,592.35,25757209,0
SBIN,2023-07-19,594.65,602.4,592.0,601.45,17556585,0
SBIN,2023-07-20,601.4,610.8,598.75,610.05,34038351,0
SBIN,2023-07-21,610.0,619.5,609.0,615.1,21040281,0
SBIN,2023-07-24,615.05,621.9,614.3,617.65,11756364,0
SBIN,2023-07-25,621.8,621.8,604.2,609.6,18503305,0
SBIN,2023-07-26,612.0,616.35,609.15,615.15,9999125,0
SBIN,2023-07-27,616.4,621.25,613.1,616.55,17444742,0
SBIN,2023-07-28,616.4,619.9,613.6,616.05,11930586,0
SBIN,2023-07-31,616.65,621.0,614.5,620.2,8605483,0
SBIN,2023-08-01,620.2,620.85,610.6,611.85,13493453,0
SBIN,2023-08-02,609.85,610.5,594.1,598.45,14977497,0
SBIN,2023-08-03,598.7,600.85,585.0,590.5,27774877,0
SBIN,2023-08-04,594.8,598.7,571.4,573.3,52725616,0
SBIN,2023-08-07,577.0,577.0,566.65,567.9,32736325,0
SBIN,2023-08-08,571.0,574.25,568.45,573.1,25038671,0
SBIN,2023-08-09,575.0,575.0,568.35,573.75,15769111,0
SBIN,2023-08-10,573.75,577.6,570.1,573.65,27325801,0
SBIN,2023-08-11,575.45,579.0,572.0,574.15,18221179,0
SBIN,2023-08-14,572.95,573.0,558.6,560.8,28084093,0
SBIN,2023-08-16,558.8,566.4,554.0,565.35,15725767,0
SBIN,2023-08-17,565.75,573.15,564.0,572.15,27910162,0
SBIN,2023-08-18,570.0,575.25,567.4,572.95,18253227,0
SBIN,2023-08-21,572.95,575.55,570.75,571.7,9380810,0
SBIN,2023-08-22,572.5,574.45,567.5,568.5,14073413,0
SBIN,2023-08-23,571.0,577.95,566.0,576.9,18579297,0
SBIN,2023-08-24,578.15,582.0,575.55,576.95,24131644,0
SBIN,2023-08-25,573.8,575.3,567.2,569.95,12271885,0
SBIN,2023-08-28,572.8,574.8,569.2,572.85,9711932,0
SBIN,2023-08-29,573.65,576.3,571.85,574.85,13144855,0
SBIN,2023-08-30,576.7,577.7,566.1,567.4,15281416,0
SBIN,2023-08-31,569.3,570.3,559.4,561.35,27898476,0
SBIN,2023-09-01,562.7,571.2,562.1,569.55,18121168,0
SBIN,2023-09-04,572.0,576.35,568.45,575.55,12108655,0
SBIN,2023-09-05,575.6,578.25,571.35,573.0,14444729,0
SBIN,2023-09-06,574.25,574.25,568.0,570.5,20609936,0
SBIN,2023-09-07,568.0,581.0,568.0,579.05,12390597,0
SBIN,2023-09-08,581.0,588.5,579.7,583.45,14032068,0
SBIN,2023-09-11,587.0,592.3,585.35,591.7,10946134,0
SBIN,2023-09-12,593.65,594.25,584.65,588.35,16093060,0
SBIN,2023-09-13,588.4,598.0,583.45,596.45,19377172,0
SBIN,2023-09-14,598.45,603.7,595.2,597.3,13178911,0
SBIN,2023-09-15,599.35,600.7,595.2,598.8,11756389,0
SBIN,2023-09-18,598.8,608.4,597.05,603.95,19305055,0
SBIN,2023-09-20,600.85,606.8,599.4,601.1,21314600,0
SBIN,2023-09-21,600.0,606.6,584.65,588.15,23453425,0
SBIN,2023-09-22,593.5,602.0,591.4,598.15,18784139,0
SBIN,2023-09-25,601.5,601.5,590.45,594.05,9712784,0
SBIN,2023-09-26,594.0,595.0,591.25,594.4,8327427,0
SBIN,2023-09-27,593.45,594.3,588.2,589.75,9865347,0
SBIN,2023-09-28,591.25,595.2,588.85,589.95,21960816,0
SBIN,2023-09-29,592.85,600.0,591.3,598.55,12189735,0
SBIN,2023-10-03,596.6,604.9,589.6,602.95,15322196,0
SBIN,2023-10-04,600.0,600.45,584.45,586.25,24914612,0
SBIN,2023-10-05,590.0,594.35,587.1,592.15,13248028,0
SBIN,2023-10-06,593.4,598.95,592.2,594.25,8216780,0
SBIN,2023-10-09,588.0,589.0,581.55,585.1,9189597,0
SBIN,2023-10-10,587.0,595.0,585.75,591.65,10373508,0
SBIN,2023-10-11,596.9,597.0,587.6,588.35,14220119,0
SBIN,2023-10-12,590.8,593.0,585.0,586.05,11983797,0
SBIN,2023-10-13,577.75,581.3,574.8,576.15,19064577,0
SBIN,2023-10-16,576.0,578.75,571.5,575.65,11290293,0
SBIN,2023-10-17,577.7,579.95,575.3,576.45,10765224,0
SBIN,2023-10-18,577.75,579.25,569.35,572.65,11777454,0
SBIN,2023-10-19,569.8,574.0,567.0,571.2,11441499,0
SBIN,2023-10-20,569.9,570.0,562.1,563.1,11110988,0
SBIN,2023-10-23,563.1,566.0,551.0,552.95,11875035,0
SBIN,2023-10-25,558.6,560.8,553.6,556.2,12134624,0
SBIN,2023-10-26,551.45,552.9,543.2,547.0,19424825,0
SBIN,2023-10-27,550.0,562.5,550.0,561.15,10415296,0
SBIN,2023-10-30,563.0,566.7,556.5,565.2,8593704,0
SBIN,2023-10-31,567.0,569.5,563.15,565.55,13039696,0
SBIN,2023-11-01,566.25,569.65,563.85,566.4,13575575,0
SBIN,2023-11-02,571.1,575.45,567.6,572.1,11148516,0
SBIN,2023-11-03,576.0,579.5,573.45,578.15,11371371,0
SBIN,2023-11-06,582.0,582.5,573.25,574.35,16499138,0
SBIN,2023-11-07,574.8,581.2,572.6,579.75,17923281,0
SBIN,2023-11-08,581.9,582.6,579.0,580.3,15434808,0
SBIN,2023-11-09,581.0,581.85,576.5,578.35,12434363,0
SBIN,2023-11-10,577.8,581.0,575.4,579.5,6773038,0
SBIN,2023-11-12,584.75,584.75,580.1,581.3,1947722,0
SBIN,2023-11-13,581.0,582.5,575.2,581.35,11282362,0
SBIN,2023-11-15,587.25,588.0,582.6,584.7,11397676,0
SBIN,2023-11-16,584.7,588.0,582.9,584.65,8622660,0
SBIN,2023-11-17,574.5,574.5,562.1,563.05,37173221,0
SBIN,2023-11-20,564.0,566.8,560.6,563.75,12714585,0
SBIN,2023-11-21,566.0,566.65,561.0,561.5,14280013,0
SBIN,2023-11-22,562.95,564.5,555.15,558.95,14909071,0
SBIN,2023-11-23,561.75,563.5,558.3,559.95,6376210,0
SBIN,2023-11-24,561.95,562.45,559.25,560.35,6529851,0
SBIN,2023-11-28,563.6,565.2,561.1,564.45,8153314,0
SBIN,2023-11-29,568.0,569.0,565.1,568.6,10299034,0
SBIN,2023-11-30,569.75,570.2,563.65,564.75,19758998,0
SBIN,2023-12-01,567.0,574.2,566.55,571.75,10614230,0
SBIN,2023-12-04,588.0,596.0,584.55,594.7,26077882,0
SBIN,2023-12-05,595.05,611.3,595.05,608.25,36430152,0
SBIN,2023-12-06,614.0,614.0,604.55,608.45,21439069,0
SBIN,2023-12-07,610.0,612.55,605.0,611.7,10725706,0
SBIN,2023-12-08,610.0,616.8,605.35,614.15,17722136,0
SBIN,2023-12-11,615.0,619.9,613.1,614.25,11706255,0
SBIN,2023-12-12,617.0,617.95,610.8,612.4,14494836,0
SBIN,2023-12-13,614.45,620.5,611.65,619.85,13977914,0
SBIN,2023-12-14,626.0,627.75,622.4,623.65,15813797,0
SBIN,2023-12-15,628.0,650.0,619.85,648.25,29813572,0
SBIN,2023-12-18,646.65,655.65,642.4,648.5,16221796,0
SBIN,2023-12-19,648.5,659.6,640.25,655.4,19964008,0
SBIN,2023-12-20,658.7,660.4,633.95,636.45,22542056,0
SBIN,2023-12-21,632.15,648.95,627.5,643.75,19915516,0
SBIN,2023-12-22,644.75,649.4,635.15,636.75,14998068,0
SBIN,2023-12-26,638.85,641.3,635.65,638.05,10153089,0
SBIN,2023-12-27,640.75,649.45,639.0,648.55,14417646,0
SBIN,2023-12-28,650.25,653.3,646.5,651.4,16982092,0
SBIN,2023-12-29,645.5,649.6,639.55,642.05,13221898,0
SBIN,2024-01-01,642.2,646.9,638.0,641.35,8295548,0
SBIN,2024-01-02,641.35,648.0,633.85,639.45,15164482,0
SBIN,2024-01-03,639.35,648.0,635.8,643.45,14571772,0
SBIN,2024-01-04,642.5,646.4,638.65,642.75,13883388,0
SBIN,2024-01-05,645.0,651.75,637.75,641.95,15984585,0
SBIN,2024-01-08,640.0,645.0,625.05,627.0,14689705,0
